{
    "classesAreLoaded": 2.708731174469,
    "propertiesAreLoaded": 0.46237397193909,
    "methodsAreLoaded": 0.45170092582703,
    "interfacesAreLoaded": 0.44085502624512,
    "implementationsAreLoaded": 0.4427011013031,
    "namespacesAreResolved": 2.6211538314819,
    "reconstitutedTreeIsIdenticalToOriginal with data set #0": 0.61507105827332,
    "reconstitutedTreeIsIdenticalToOriginal with data set #1": 2.5830779075623,
    "reconstitutedTreeIsIdenticalToOriginal with data set #2": 0.078624963760376,
    "scalarNodeIsCorrectlyStored": 0.1633460521698,
    "commentsAreStored": 0.0096530914306641
}