{
    "shouldLoadClasses": 1.4249057769775,
    "shouldLoadProperties": 1.1132681369781,
    "shouldLoadMethods": 1.093325138092,
    "shouldLoadInterfaces": 1.0851099491119,
    "shouldLoadTraits": 1.0907919406891,
    "shouldLoadInterfaceImplementations": 1.1097280979156,
    "shouldLoadTraitUsages": 1.0948858261108,
    "shouldBeIdempotent": 1.5193560123444,
    "classesAreLoaded": 5.5855059623718,
    "namespacesAreResolved": 5.3314318656921,
    "reconstitutedTreeIsIdenticalToOriginal with data set #0": 2.2831401824951,
    "reconstitutedTreeIsIdenticalToOriginal with data set #1": 10.16647195816,
    "reconstitutedTreeIsIdenticalToOriginal with data set #2": 0.1610062122345,
    "scalarNodeIsCorrectlyStored": 0.18886995315552,
    "commentsAreStored": 0.0399489402771,
    "subNodeRelationsAreStored": 0.040885925292969,
    "shouldBuildBackendConnectionWithoutCredentials with data set #0": 0.10458302497864,
    "shouldBuildBackendConnectionWithoutCredentials with data set #1": 0.01531195640564,
    "shouldBuildBackendConnectionWithoutCredentials with data set #2": 0.023949861526489,
    "shouldBuildBackendConnectionWithoutCredentials with data set #3": 0.016629934310913,
    "shouldBuildBackendConnectionWithoutCredentials with data set #4": 0.016288995742798,
    "shouldBuildBackendConnectionWithoutCredentials with data set #5": 0.016676902770996,
    "shouldBuildBackendConnectionWithoutCredentials with data set #6": 0.022309064865112,
    "shouldBuildBackendConnectionWithoutCredentials with data set #7": 0.0171799659729,
    "shouldBuildBackendConnectionWithoutCredentials with data set #8": 0.022926092147827,
    "shouldBuildBackendConnectionWithoutCredentials with data set #9": 0.017393112182617,
    "shouldCreateNewNodesWithPropertiesAndLabels": 0.045531034469604,
    "shouldAddLabelsToExistingNodes": 0.020025968551636,
    "shouldExecuteCypherQueries": 0.018620014190674,
    "shouldReturnClient": 0.011754035949707,
    "shouldExecutePreparedStatements": 0.034147977828979,
    "shouldWipeAllNodesAndEdges": 0.016700983047485,
    "shouldNotifyDebuggerOnNewNodes": 0.03863000869751,
    "shouldBuildAndExecuteQuery with data set #0": 0.02268385887146,
    "shouldBuildAndExecuteQuery with data set #1": 0.01715612411499,
    "shouldBuildAndExecuteQuery with data set #2": 0.017072916030884,
    "shouldBuildAndExecuteQuery with data set #3": 0.016966104507446,
    "shouldBuildAndExecuteQuery with data set #4": 0.017460823059082,
    "shouldBuildAndExecuteQuery with data set #5": 0.018548011779785
}