{
    "classesAreLoaded": 2.1020159721375,
    "propertiesAreLoaded": 0.37997102737427,
    "methodsAreLoaded": 0.37357497215271,
    "interfacesAreLoaded": 0.38056397438049,
    "implementationsAreLoaded": 0.36886501312256,
    "namespacesAreResolved": 2.1105988025665,
    "reconstitutedTreeIsIdenticalToOriginal with data set #0": 0.46955990791321,
    "reconstitutedTreeIsIdenticalToOriginal with data set #1": 1.7300388813019,
    "reconstitutedTreeIsIdenticalToOriginal with data set #2": 0.059623003005981,
    "scalarNodeIsCorrectlyStored": 0.16219305992126,
    "commentsAreStored": 0.0099859237670898
}