{
    "shouldLoadClasses": 4.7502970695496,
    "shouldLoadProperties": 1.3386130332947,
    "shouldLoadMethods": 1.2754061222076,
    "shouldLoadInterfaces": 1.2532298564911,
    "shouldLoadTraits": 1.2188630104065,
    "shouldLoadInterfaceImplementations": 1.2261991500854,
    "shouldLoadTraitUsages": 1.1968791484833,
    "shouldBeIdempotent": 1.6850249767303,
    "classesAreLoaded": 5.8878359794617,
    "namespacesAreResolved": 5.7074499130249,
    "reconstitutedTreeIsIdenticalToOriginal with data set #0": 2.7517371177673,
    "reconstitutedTreeIsIdenticalToOriginal with data set #1": 11.449553966522,
    "reconstitutedTreeIsIdenticalToOriginal with data set #2": 0.17139577865601,
    "scalarNodeIsCorrectlyStored": 0.18933296203613,
    "commentsAreStored": 0.04116415977478,
    "shouldBuildBackendConnectionWithoutCredentials with data set #0": 0.12387108802795,
    "shouldBuildBackendConnectionWithoutCredentials with data set #1": 0.02216100692749,
    "shouldBuildBackendConnectionWithoutCredentials with data set #2": 0.015460968017578,
    "shouldBuildBackendConnectionWithoutCredentials with data set #3": 0.016709089279175,
    "shouldBuildBackendConnectionWithoutCredentials with data set #4": 0.021630048751831,
    "shouldBuildBackendConnectionWithoutCredentials with data set #5": 0.017221212387085,
    "shouldBuildBackendConnectionWithoutCredentials with data set #6": 0.015406131744385,
    "shouldBuildBackendConnectionWithoutCredentials with data set #7": 0.021682024002075,
    "shouldBuildBackendConnectionWithoutCredentials with data set #8": 0.020684957504272,
    "shouldBuildBackendConnectionWithoutCredentials with data set #9": 0.021924018859863,
    "shouldCreateNewNodesWithPropertiesAndLabels": 0.043728113174438,
    "shouldAddLabelsToExistingNodes": 0.018913984298706,
    "shouldExecuteCypherQueries": 0.018184900283813,
    "shouldReturnClient": 0.010936975479126,
    "shouldExecutePreparedStatements": 0.032341957092285,
    "shouldWipeAllNodesAndEdges": 0.015434980392456,
    "shouldNotifyDebuggerOnNewNodes": 0.037034034729004,
    "shouldBuildAndExecuteQuery with data set #0": 0.021253824234009,
    "shouldBuildAndExecuteQuery with data set #1": 0.016445159912109,
    "shouldBuildAndExecuteQuery with data set #2": 0.01616096496582,
    "shouldBuildAndExecuteQuery with data set #3": 0.016586065292358,
    "shouldBuildAndExecuteQuery with data set #4": 0.017281055450439,
    "shouldBuildAndExecuteQuery with data set #5": 0.018534898757935
}