{
    "classesAreLoaded": 1.9845020771027,
    "propertiesAreLoaded": 0.32637310028076,
    "methodsAreLoaded": 0.33355307579041,
    "interfacesAreLoaded": 0.32825613021851,
    "implementationsAreLoaded": 0.32910990715027,
    "reconstitutedTreeIsIdenticalToOriginal with data set #0": 0.40853786468506,
    "reconstitutedTreeIsIdenticalToOriginal with data set #1": 1.6730618476868,
    "reconstitutedTreeIsIdenticalToOriginal with data set #2": 0.038772106170654,
    "scalarNodeIsCorrectlyStored": 0.16015100479126,
    "commentsAreStored": 0.008491039276123
}